{"cameraMode":{"drawMode":0,"name":"Shaded","section":"Shading Mode"},"sceneLighting":true,"audioPlay":false,"sceneViewState":{"showFog":true,"showMaterialUpdate":false,"showSkybox":true,"showFlares":true,"showImageEffects":true,"showParticleSystems":true},"in2DMode":false,"pivot":{"x":9.49142074584961,"y":1.4794906377792359,"z":-99.0257797241211},"rotation":{"x":-0.23331959545612336,"y":0.7256706953048706,"z":-0.2934745252132416,"w":-0.5769248008728027},"size":2.069873571395874,"orthographic":false}