{"cameraMode":{"drawMode":0,"name":"Shaded","section":"Shading Mode"},"sceneLighting":true,"audioPlay":false,"sceneViewState":{"showFog":true,"showMaterialUpdate":false,"showSkybox":true,"showFlares":true,"showImageEffects":true,"showParticleSystems":true},"in2DMode":false,"pivot":{"x":83.22836303710938,"y":25.913496017456056,"z":-8.426319122314454},"rotation":{"x":-0.36321988701820376,"y":0.03549376502633095,"z":-0.013852430507540703,"w":-0.9309371113777161},"size":12.360180854797364,"orthographic":false}