{"cameraMode":{"drawMode":0,"name":"Shaded","section":"Shading Mode"},"sceneLighting":true,"audioPlay":false,"sceneViewState":{"showFog":true,"showMaterialUpdate":false,"showSkybox":true,"showFlares":true,"showImageEffects":true,"showParticleSystems":true},"in2DMode":false,"pivot":{"x":49.572410583496097,"y":36.451847076416019,"z":-10.549525260925293},"rotation":{"x":-0.2897179424762726,"y":0.02068067155778408,"z":-0.006262412294745445,"w":-0.9568775296211243},"size":4.541542053222656,"orthographic":false}