{"cameraMode":{"drawMode":0,"name":"Shaded","section":"Shading Mode"},"sceneLighting":false,"audioPlay":false,"sceneViewState":{"showFog":true,"showMaterialUpdate":false,"showSkybox":false,"showFlares":true,"showImageEffects":true,"showParticleSystems":true},"in2DMode":false,"pivot":{"x":-0.7188692092895508,"y":2.4151151180267336,"z":-8.148703575134278},"rotation":{"x":-0.20246396958827973,"y":0.7451358437538147,"z":-0.26023349165916445,"w":-0.579721987247467},"size":2.6885828971862795,"orthographic":false}