{"cameraMode":{"drawMode":0,"name":"Shaded","section":"Shading Mode"},"sceneLighting":false,"audioPlay":false,"sceneViewState":{"showFog":true,"showMaterialUpdate":false,"showSkybox":false,"showFlares":true,"showImageEffects":true,"showParticleSystems":true},"in2DMode":false,"pivot":{"x":45.459999084472659,"y":5.145000457763672,"z":-0.3799999952316284},"rotation":{"x":-0.3083622455596924,"y":0.013421022333204747,"z":-0.004352422896772623,"w":-0.9511737823486328},"size":1.3713587522506714,"orthographic":false}