{"cameraMode":{"drawMode":0,"name":"Shaded","section":"Shading Mode"},"sceneLighting":true,"audioPlay":false,"sceneViewState":{"showFog":true,"showMaterialUpdate":false,"showSkybox":true,"showFlares":true,"showImageEffects":true,"showParticleSystems":true},"in2DMode":false,"pivot":{"x":495.5767517089844,"y":169.53248596191407,"z":-58.67673873901367},"rotation":{"x":0.47643187642097475,"y":0.09095558524131775,"z":-0.049618907272815707,"w":0.8731400966644287},"size":7.847970962524414,"orthographic":false}