{"cameraMode":{"drawMode":0,"name":"Shaded","section":"Shading Mode"},"sceneLighting":true,"audioPlay":false,"sceneViewState":{"showFog":true,"showMaterialUpdate":false,"showSkybox":true,"showFlares":true,"showImageEffects":true,"showParticleSystems":true},"in2DMode":false,"pivot":{"x":424.46240234375,"y":172.87234497070313,"z":-58.70086669921875},"rotation":{"x":0.20106610655784608,"y":0.02522706240415573,"z":-0.005189023911952972,"w":0.9793193340301514},"size":12.190047264099121,"orthographic":false}