{"cameraMode":{"drawMode":0,"name":"Shaded","section":"Shading Mode"},"sceneLighting":true,"audioPlay":false,"sceneViewState":{"showFog":true,"showMaterialUpdate":false,"showSkybox":true,"showFlares":true,"showImageEffects":true,"showParticleSystems":true},"in2DMode":false,"pivot":{"x":68.92514038085938,"y":28.793577194213868,"z":-2.2547950744628908},"rotation":{"x":-0.23421578109264375,"y":-0.12731197476387025,"z":0.03092341311275959,"w":-0.9633293151855469},"size":18.957502365112306,"orthographic":false}