{"cameraMode":{"drawMode":0,"name":"Shaded","section":"Shading Mode"},"sceneLighting":true,"audioPlay":false,"sceneViewState":{"showFog":true,"showMaterialUpdate":false,"showSkybox":true,"showFlares":true,"showImageEffects":true,"showParticleSystems":true},"in2DMode":false,"pivot":{"x":406.2572326660156,"y":170.20751953125,"z":-52.14381408691406},"rotation":{"x":-0.19398154318332673,"y":-0.2008715271949768,"z":0.04058569297194481,"w":-0.9593751430511475},"size":9.68675422668457,"orthographic":false}