{"cameraMode":{"drawMode":0,"name":"Shaded","section":"Shading Mode"},"sceneLighting":true,"audioPlay":false,"sceneViewState":{"showFog":true,"showMaterialUpdate":false,"showSkybox":true,"showFlares":true,"showImageEffects":true,"showParticleSystems":true},"in2DMode":false,"pivot":{"x":64.96516418457031,"y":26.04692840576172,"z":-4.097064971923828},"rotation":{"x":-0.2791363298892975,"y":-0.22155767679214478,"z":0.06635129451751709,"w":-0.9319959282875061},"size":18.125364303588868,"orthographic":false}